data,casi,casi_media7gg
2020-02-20,6,
2020-02-21,2,
2020-02-22,3,
2020-02-23,4,12.714285714285714
2020-02-24,10,15.428571428571429
2020-02-25,46,20.857142857142858
2020-02-26,18,27.285714285714285
2020-02-27,25,34.857142857142854
2020-02-28,40,44.285714285714285
2020-02-29,48,50.857142857142854
2020-03-01,57,63.142857142857146
2020-03-02,76,75.0
2020-03-03,92,88.71428571428571
2020-03-04,104,99.57142857142857
2020-03-05,108,108.14285714285714
2020-03-06,136,119.71428571428571
2020-03-07,124,128.28571428571428
2020-03-08,117,139.85714285714286
2020-03-09,157,152.57142857142858
2020-03-10,152,167.71428571428572
2020-03-11,185,182.0
2020-03-12,197,195.85714285714286
2020-03-13,242,207.0
2020-03-14,224,226.0
2020-03-15,214,243.28571428571428
2020-03-16,235,253.57142857142858
2020-03-17,285,260.0
2020-03-18,306,263.42857142857144
2020-03-19,269,274.7142857142857
2020-03-20,287,287.0
2020-03-21,248,288.7142857142857
2020-03-22,293,293.57142857142856
2020-03-23,321,290.0
2020-03-24,297,285.85714285714283
2020-03-25,340,278.7142857142857
2020-03-26,244,264.42857142857144
2020-03-27,258,250.0
2020-03-28,198,234.42857142857142
2020-03-29,193,213.0
2020-03-30,220,205.0
2020-03-31,188,188.71428571428572
2020-04-01,190,178.42857142857142
2020-04-02,188,165.0
2020-04-03,144,151.42857142857142
2020-04-04,126,144.28571428571428
2020-04-05,99,137.28571428571428
2020-04-06,125,132.28571428571428
2020-04-07,138,127.57142857142857
2020-04-08,141,122.0
2020-04-09,153,117.57142857142857
2020-04-10,111,107.28571428571429
2020-04-11,87,98.85714285714286
2020-04-12,68,90.14285714285714
2020-04-13,53,78.85714285714286
2020-04-14,79,75.57142857142857
2020-04-15,80,75.0
2020-04-16,74,77.28571428571429
2020-04-17,88,83.42857142857143
2020-04-18,83,82.57142857142857
2020-04-19,84,84.28571428571429
2020-04-20,96,86.0
2020-04-21,73,84.0
2020-04-22,92,83.14285714285714
2020-04-23,86,81.85714285714286
2020-04-24,74,76.42857142857143
2020-04-25,77,74.14285714285714
2020-04-26,75,71.14285714285714
2020-04-27,58,67.0
2020-04-28,57,64.0
2020-04-29,71,59.714285714285715
2020-04-30,57,53.857142857142854
2020-05-01,53,51.42857142857143
2020-05-02,47,49.57142857142857
2020-05-03,34,48.0
2020-05-04,41,45.0
2020-05-05,44,43.0
2020-05-06,60,40.285714285714285
2020-05-07,36,38.42857142857143
2020-05-08,39,36.714285714285715
2020-05-09,28,33.285714285714285
2020-05-10,21,29.142857142857142
2020-05-11,29,28.714285714285715
2020-05-12,20,27.857142857142858
2020-05-13,31,27.428571428571427
2020-05-14,33,27.428571428571427
2020-05-15,33,25.285714285714285
2020-05-16,25,25.571428571428573
2020-05-17,21,23.714285714285715
2020-05-18,14,21.428571428571427
2020-05-19,22,18.571428571428573
2020-05-20,18,17.142857142857142
2020-05-21,17,16.0
2020-05-22,13,16.285714285714285
2020-05-23,15,15.428571428571429
2020-05-24,13,14.428571428571429
2020-05-25,16,12.857142857142858
2020-05-26,16,13.571428571428571
2020-05-27,11,12.714285714285714
2020-05-28,6,11.857142857142858
2020-05-29,18,10.857142857142858
2020-05-30,9,9.714285714285714
2020-05-31,7,8.857142857142858
2020-06-01,9,9.285714285714286
2020-06-02,8,8.142857142857142
2020-06-03,5,8.428571428571429
2020-06-04,9,8.428571428571429
2020-06-05,10,8.0
2020-06-06,11,8.428571428571429
2020-06-07,7,9.428571428571429
2020-06-08,6,9.285714285714286
2020-06-09,11,9.0
2020-06-10,12,8.0
2020-06-11,8,7.714285714285714
2020-06-12,8,8.142857142857142
2020-06-13,4,7.857142857142857
2020-06-14,5,6.714285714285714
2020-06-15,9,7.142857142857143
2020-06-16,9,7.428571428571429
2020-06-17,4,7.714285714285714
2020-06-18,11,7.714285714285714
2020-06-19,10,7.285714285714286
2020-06-20,6,6.285714285714286
2020-06-21,5,7.142857142857143
2020-06-22,6,6.428571428571429
2020-06-23,2,6.142857142857143
2020-06-24,10,5.571428571428571
2020-06-25,6,5.285714285714286
2020-06-26,8,4.714285714285714
2020-06-27,2,5.428571428571429
2020-06-28,3,4.857142857142857
2020-06-29,2,4.571428571428571
2020-06-30,7,3.4285714285714284
2020-07-01,6,3.857142857142857
2020-07-02,4,3.7142857142857144
2020-07-03,0,3.5714285714285716
2020-07-04,5,3.0
2020-07-05,2,2.5714285714285716
2020-07-06,1,2.4285714285714284
2020-07-07,3,3.0
2020-07-08,3,2.4285714285714284
2020-07-09,3,2.4285714285714284
2020-07-10,4,2.857142857142857
2020-07-11,1,3.0
2020-07-12,2,3.0
2020-07-13,4,3.0
2020-07-14,4,2.5714285714285716
2020-07-15,3,2.7142857142857144
2020-07-16,3,2.7142857142857144
2020-07-17,1,2.2857142857142856
2020-07-18,2,2.4285714285714284
2020-07-19,2,2.857142857142857
2020-07-20,1,3.2857142857142856
2020-07-21,5,3.7142857142857144
2020-07-22,6,4.0
2020-07-23,6,4.142857142857143
2020-07-24,4,4.571428571428571
2020-07-25,4,4.428571428571429
2020-07-26,3,4.142857142857143
2020-07-27,4,4.0
2020-07-28,4,3.857142857142857
2020-07-29,4,4.142857142857143
2020-07-30,5,4.142857142857143
2020-07-31,3,4.0
2020-08-01,6,4.571428571428571
2020-08-02,3,4.571428571428571
2020-08-03,3,4.285714285714286
2020-08-04,8,4.428571428571429
2020-08-05,4,4.428571428571429
2020-08-06,3,4.142857142857143
2020-08-07,4,4.285714285714286
2020-08-08,6,3.5714285714285716
2020-08-09,1,3.7142857142857144
2020-08-10,4,4.142857142857143
2020-08-11,3,5.0
2020-08-12,5,5.0
2020-08-13,6,5.428571428571429
2020-08-14,10,5.714285714285714
2020-08-15,6,6.714285714285714
2020-08-16,4,6.857142857142857
2020-08-17,6,6.857142857142857
2020-08-18,10,5.714285714285714
2020-08-19,6,5.428571428571429
2020-08-20,6,6.0
2020-08-21,2,6.571428571428571
2020-08-22,4,6.428571428571429
2020-08-23,8,6.714285714285714
2020-08-24,10,6.714285714285714
2020-08-25,9,7.428571428571429
2020-08-26,8,8.0
2020-08-27,6,9.142857142857142
2020-08-28,7,9.714285714285714
2020-08-29,8,10.0
2020-08-30,16,10.857142857142858
2020-08-31,14,11.428571428571429
2020-09-01,11,12.0
2020-09-02,14,12.571428571428571
2020-09-03,10,11.571428571428571
2020-09-04,11,11.571428571428571
2020-09-05,12,11.142857142857142
2020-09-06,9,12.714285714285714
2020-09-07,14,12.714285714285714
2020-09-08,8,13.142857142857142
2020-09-09,25,14.142857142857142
2020-09-10,10,14.428571428571429
2020-09-11,14,15.285714285714286
2020-09-12,19,17.571428571428573
2020-09-13,11,16.285714285714285
2020-09-14,20,18.571428571428573
2020-09-15,24,17.857142857142858
2020-09-16,16,18.428571428571427
2020-09-17,26,19.142857142857142
2020-09-18,9,18.571428571428573
2020-09-19,23,17.714285714285715
2020-09-20,16,17.857142857142858
2020-09-21,16,17.571428571428573
2020-09-22,18,18.857142857142858
2020-09-23,17,18.285714285714285
2020-09-24,24,18.857142857142858
2020-09-25,18,20.285714285714285
2020-09-26,19,21.571428571428573
2020-09-27,20,22.285714285714285
2020-09-28,26,22.428571428571427
2020-09-29,27,23.428571428571427
2020-09-30,22,25.285714285714285
2020-10-01,25,27.714285714285715
2020-10-02,25,28.285714285714285
2020-10-03,32,29.714285714285715
2020-10-04,37,35.714285714285715
2020-10-05,30,38.42857142857143
2020-10-06,37,43.57142857142857
2020-10-07,64,45.57142857142857
2020-10-08,44,49.285714285714285
2020-10-09,61,54.714285714285715
2020-10-10,46,60.857142857142854
2020-10-11,63,63.42857142857143
2020-10-12,68,73.42857142857143
2020-10-13,80,79.71428571428571
2020-10-14,82,88.57142857142857
2020-10-15,114,97.14285714285714
2020-10-16,105,105.0
2020-10-17,108,113.85714285714286
2020-10-18,123,128.85714285714286
2020-10-19,123,134.85714285714286
2020-10-20,142,148.57142857142858
2020-10-21,187,166.0
2020-10-22,156,177.14285714285714
2020-10-23,201,194.28571428571428
2020-10-24,230,209.14285714285714
2020-10-25,201,222.42857142857142
2020-10-26,243,237.85714285714286
2020-10-27,246,246.28571428571428
2020-10-28,280,255.71428571428572
2020-10-29,264,263.7142857142857
2020-10-30,260,281.57142857142856
2020-10-31,296,297.2857142857143
2020-11-01,257,310.57142857142856
2020-11-02,368,330.42857142857144
2020-11-03,356,349.14285714285717
2020-11-04,373,357.14285714285717
2020-11-05,403,370.85714285714283
2020-11-06,391,372.57142857142856
2020-11-07,352,378.2857142857143
2020-11-08,353,377.85714285714283
2020-11-09,380,374.42857142857144
2020-11-10,396,373.0
2020-11-11,370,370.7142857142857
2020-11-12,379,366.7142857142857
2020-11-13,381,369.7142857142857
2020-11-14,336,368.7142857142857
2020-11-15,325,376.7142857142857
2020-11-16,401,376.85714285714283
2020-11-17,389,373.42857142857144
2020-11-18,426,365.14285714285717
2020-11-19,380,360.2857142857143
2020-11-20,357,350.2857142857143
2020-11-21,278,343.7142857142857
2020-11-22,291,325.42857142857144
2020-11-23,331,313.7142857142857
2020-11-24,343,303.42857142857144
2020-11-25,298,296.57142857142856
2020-11-26,298,290.14285714285717
2020-11-27,285,275.85714285714283
2020-11-28,230,262.42857142857144
2020-11-29,246,255.71428571428572
2020-11-30,231,250.28571428571428
2020-12-01,249,242.71428571428572
2020-12-02,251,240.71428571428572
2020-12-03,260,232.0
2020-12-04,232,230.0
2020-12-05,216,224.14285714285714
2020-12-06,185,220.71428571428572
2020-12-07,217,217.28571428571428
2020-12-08,208,211.85714285714286
2020-12-09,227,207.0
2020-12-10,236,204.85714285714286
2020-12-11,194,202.42857142857142
2020-12-12,182,201.57142857142858
2020-12-13,170,192.0
2020-12-14,200,185.71428571428572
2020-12-15,202,181.28571428571428
2020-12-16,160,177.71428571428572
2020-12-17,192,176.28571428571428
2020-12-18,163,175.57142857142858
2020-12-19,157,172.28571428571428
2020-12-20,160,173.14285714285714
2020-12-21,195,170.42857142857142
2020-12-22,179,168.28571428571428
2020-12-23,166,167.71428571428572
2020-12-24,173,168.14285714285714
2020-12-25,148,164.71428571428572
2020-12-26,153,166.14285714285714
2020-12-27,163,169.28571428571428
2020-12-28,171,170.71428571428572
2020-12-29,189,171.0
2020-12-30,188,176.0
2020-12-31,183,172.0
2021-01-01,150,175.85714285714286
2021-01-02,188,175.14285714285714
2021-01-03,135,173.71428571428572
2021-01-04,198,174.71428571428572
2021-01-05,184,180.71428571428572
2021-01-06,178,178.42857142857142
2021-01-07,190,184.28571428571428
2021-01-08,192,183.85714285714286
2021-01-09,172,184.0
2021-01-10,176,182.14285714285714
2021-01-11,195,180.42857142857142
2021-01-12,185,176.14285714285714
2021-01-13,165,173.85714285714286
2021-01-14,178,171.85714285714286
2021-01-15,162,170.42857142857142
2021-01-16,156,166.0
2021-01-17,162,165.28571428571428
2021-01-18,185,164.57142857142858
2021-01-19,154,162.85714285714286
2021-01-20,160,163.14285714285714
2021-01-21,173,157.85714285714286
2021-01-22,150,156.57142857142858
2021-01-23,158,154.42857142857142
2021-01-24,125,148.0
2021-01-25,176,144.85714285714286
2021-01-26,139,142.0
2021-01-27,115,138.57142857142858
2021-01-28,151,138.71428571428572
2021-01-29,130,136.85714285714286
2021-01-30,134,138.0
2021-01-31,126,141.28571428571428
2021-02-01,163,139.28571428571428
2021-02-02,147,144.42857142857142
2021-02-03,138,145.71428571428572
2021-02-04,137,146.42857142857142
2021-02-05,166,143.85714285714286
2021-02-06,143,145.0
2021-02-07,131,147.0
2021-02-08,145,146.85714285714286
2021-02-09,155,141.0
2021-02-10,152,137.85714285714286
2021-02-11,136,136.28571428571428
2021-02-12,125,138.0
2021-02-13,121,138.0
2021-02-14,120,136.71428571428572
2021-02-15,157,141.85714285714286
2021-02-16,155,143.42857142857142
2021-02-17,143,149.42857142857142
2021-02-18,172,155.0
2021-02-19,136,161.71428571428572
2021-02-20,163,167.14285714285714
2021-02-21,159,171.57142857142858
2021-02-22,204,178.42857142857142
2021-02-23,193,186.42857142857142
2021-02-24,174,190.28571428571428
2021-02-25,220,192.28571428571428
2021-02-26,192,197.14285714285714
2021-02-27,190,209.0
2021-02-28,173,219.71428571428572
2021-03-01,238,221.71428571428572
2021-03-02,276,237.14285714285714
2021-03-03,249,248.42857142857142
2021-03-04,234,255.57142857142858
2021-03-05,300,261.14285714285717
2021-03-06,269,264.7142857142857
2021-03-07,223,274.2857142857143
2021-03-08,277,277.57142857142856
2021-03-09,301,282.57142857142856
2021-03-10,316,283.2857142857143
2021-03-11,257,290.14285714285717
2021-03-12,335,299.42857142857144
2021-03-13,274,306.2857142857143
2021-03-14,271,303.42857142857144
2021-03-15,342,310.14285714285717
2021-03-16,349,310.14285714285717
2021-03-17,296,311.85714285714283
2021-03-18,304,310.57142857142856
2021-03-19,335,305.57142857142856
2021-03-20,286,298.0
2021-03-21,262,293.7142857142857
2021-03-22,307,299.14285714285717
2021-03-23,296,299.0
2021-03-24,266,299.14285714285717
2021-03-25,342,299.0
2021-03-26,334,302.42857142857144
2021-03-27,287,304.14285714285717
2021-03-28,261,303.57142857142856
2021-03-29,331,288.57142857142856
2021-03-30,308,279.0
2021-03-31,262,267.85714285714283
2021-04-01,237,258.0
2021-04-02,267,236.57142857142858
2021-04-03,209,225.14285714285714
2021-04-04,192,217.14285714285714
2021-04-05,181,211.57142857142858
2021-04-06,228,198.71428571428572
2021-04-07,206,194.0
2021-04-08,198,185.28571428571428
2021-04-09,177,183.0
2021-04-10,176,176.28571428571428
2021-04-11,131,168.42857142857142
2021-04-12,165,159.42857142857142
2021-04-13,181,155.0
2021-04-14,151,145.28571428571428
2021-04-15,135,141.14285714285714
2021-04-16,146,136.28571428571428
2021-04-17,108,132.57142857142858
2021-04-18,102,128.85714285714286
2021-04-19,131,127.0
2021-04-20,155,122.14285714285714
2021-04-21,125,123.0
2021-04-22,122,122.85714285714286
2021-04-23,112,123.57142857142857
2021-04-24,114,119.0
2021-04-25,101,117.42857142857143
2021-04-26,136,116.57142857142857
2021-04-27,123,116.28571428571429
2021-04-28,114,113.71428571428571
2021-04-29,116,112.57142857142857
2021-04-30,110,109.71428571428571
2021-05-01,96,110.57142857142857
2021-05-02,93,107.85714285714286
2021-05-03,116,103.28571428571429
2021-05-04,129,100.14285714285714
2021-05-05,95,96.28571428571429
2021-05-06,84,92.42857142857143
2021-05-07,88,87.28571428571429
2021-05-08,69,77.71428571428571
2021-05-09,66,72.28571428571429
2021-05-10,80,69.57142857142857
2021-05-11,62,65.85714285714286
2021-05-12,57,64.57142857142857
2021-05-13,65,60.142857142857146
2021-05-14,62,56.285714285714285
2021-05-15,60,54.857142857142854
2021-05-16,35,54.142857142857146
2021-05-17,53,50.285714285714285
2021-05-18,52,49.42857142857143
2021-05-19,52,46.857142857142854
2021-05-20,38,45.42857142857143
2021-05-21,56,42.714285714285715
2021-05-22,42,40.0
2021-05-23,25,38.42857142857143
2021-05-24,34,36.142857142857146
2021-05-25,33,31.714285714285715
2021-05-26,41,28.571428571428573
2021-05-27,22,28.857142857142858
2021-05-28,25,28.428571428571427
2021-05-29,20,27.285714285714285
2021-05-30,27,24.428571428571427
2021-05-31,31,23.857142857142858
2021-06-01,25,23.714285714285715
2021-06-02,21,23.857142857142858
2021-06-03,18,21.857142857142858
2021-06-04,24,19.857142857142858
2021-06-05,21,18.714285714285715
2021-06-06,13,18.428571428571427
2021-06-07,17,17.714285714285715
2021-06-08,17,16.285714285714285
2021-06-09,19,15.142857142857142
2021-06-10,13,14.857142857142858
2021-06-11,14,13.571428571428571
2021-06-12,13,14.571428571428571
2021-06-13,11,13.714285714285714
2021-06-14,8,13.0
2021-06-15,24,11.714285714285714
2021-06-16,13,10.142857142857142
2021-06-17,8,9.285714285714286
2021-06-18,5,9.285714285714286
2021-06-19,2,6.857142857142857
2021-06-20,5,6.285714285714286
2021-06-21,8,6.714285714285714
2021-06-22,7,7.857142857142857
2021-06-23,9,8.714285714285714
2021-06-24,11,9.285714285714286
2021-06-25,13,9.428571428571429
2021-06-26,8,8.857142857142858
2021-06-27,9,8.0
2021-06-28,9,7.0
2021-06-29,3,5.714285714285714
2021-06-30,3,5.142857142857143
2021-07-01,4,4.0
2021-07-02,4,4.142857142857143
2021-07-03,4,4.714285714285714
2021-07-04,1,5.285714285714286
2021-07-05,10,5.571428571428571
2021-07-06,7,5.857142857142857
2021-07-07,7,5.428571428571429
2021-07-08,6,6.428571428571429
2021-07-09,6,6.285714285714286
2021-07-10,1,6.285714285714286
2021-07-11,8,6.0
2021-07-12,9,6.428571428571429
2021-07-13,7,7.142857142857143
2021-07-14,5,8.142857142857142
2021-07-15,9,8.857142857142858
2021-07-16,11,8.857142857142858
2021-07-17,8,9.0
2021-07-18,13,9.714285714285714
2021-07-19,9,10.285714285714286
2021-07-20,8,11.142857142857142
2021-07-21,10,11.571428571428571
2021-07-22,13,10.714285714285714
2021-07-23,17,11.857142857142858
2021-07-24,11,11.428571428571429
2021-07-25,7,12.857142857142858
2021-07-26,17,13.571428571428571
2021-07-27,5,14.571428571428571
2021-07-28,20,14.857142857142858
2021-07-29,18,17.428571428571427
2021-07-30,24,18.142857142857142
2021-07-31,13,19.428571428571427
2021-08-01,25,20.142857142857142
2021-08-02,22,21.428571428571427
2021-08-03,14,21.0
2021-08-04,25,21.714285714285715
2021-08-05,27,20.714285714285715
2021-08-06,21,21.857142857142858
2021-08-07,18,24.142857142857142
2021-08-08,18,26.571428571428573
2021-08-09,30,26.857142857142858
2021-08-10,30,29.0
2021-08-11,42,30.0
2021-08-12,29,31.428571428571427
2021-08-13,36,33.285714285714285
2021-08-14,25,34.714285714285715
2021-08-15,28,35.42857142857143
2021-08-16,43,36.0
2021-08-17,40,35.714285714285715
2021-08-18,47,36.857142857142854
2021-08-19,33,38.285714285714285
2021-08-20,34,37.285714285714285
2021-08-21,33,37.0
2021-08-22,38,36.0
2021-08-23,36,35.57142857142857
2021-08-24,38,35.42857142857143
2021-08-25,40,36.142857142857146
2021-08-26,30,36.42857142857143
2021-08-27,33,36.857142857142854
2021-08-28,38,36.714285714285715
2021-08-29,40,37.0
2021-08-30,39,38.142857142857146
2021-08-31,37,40.142857142857146
2021-09-01,42,40.142857142857146
2021-09-02,38,38.285714285714285
2021-09-03,47,38.0
2021-09-04,38,38.142857142857146
2021-09-05,27,36.142857142857146
2021-09-06,37,35.42857142857143
2021-09-07,38,32.57142857142857
2021-09-08,28,32.285714285714285
2021-09-09,33,32.714285714285715
2021-09-10,27,32.285714285714285
2021-09-11,36,29.428571428571427
2021-09-12,30,30.571428571428573
2021-09-13,34,30.285714285714285
2021-09-14,18,31.0
2021-09-15,36,30.428571428571427
2021-09-16,31,29.428571428571427
2021-09-17,32,28.285714285714285
2021-09-18,32,30.571428571428573
2021-09-19,23,29.285714285714285
2021-09-20,26,29.714285714285715
2021-09-21,34,28.571428571428573
2021-09-22,27,27.857142857142858
2021-09-23,34,26.714285714285715
2021-09-24,24,26.428571428571427
2021-09-25,27,24.285714285714285
2021-09-26,15,24.142857142857142
2021-09-27,24,22.285714285714285
2021-09-28,19,21.857142857142858
2021-09-29,26,21.0
2021-09-30,21,21.0
2021-10-01,21,20.714285714285715
2021-10-02,21,20.571428571428573
2021-10-03,15,19.857142857142858
2021-10-04,22,17.857142857142858
2021-10-05,18,17.428571428571427
2021-10-06,21,16.714285714285715
2021-10-07,7,17.428571428571427
2021-10-08,18,16.571428571428573
2021-10-09,16,17.142857142857142
2021-10-10,20,16.285714285714285
2021-10-11,16,17.571428571428573
2021-10-12,22,16.714285714285715
2021-10-13,15,15.714285714285714
2021-10-14,16,15.571428571428571
2021-10-15,12,16.714285714285715
2021-10-16,9,15.285714285714286
2021-10-17,19,15.857142857142858
2021-10-18,24,16.142857142857142
2021-10-19,12,17.0
2021-10-20,19,17.857142857142858
2021-10-21,18,17.714285714285715
2021-10-22,18,19.285714285714285
2021-10-23,15,20.571428571428573
2021-10-24,18,21.285714285714285
2021-10-25,35,21.857142857142858
2021-10-26,21,21.571428571428573
2021-10-27,24,22.571428571428573
2021-10-28,22,24.714285714285715
2021-10-29,16,23.714285714285715
2021-10-30,22,25.285714285714285
2021-10-31,33,25.571428571428573
2021-11-01,28,27.285714285714285
2021-11-02,32,29.428571428571427
2021-11-03,26,31.285714285714285
2021-11-04,34,31.0
2021-11-05,31,31.714285714285715
2021-11-06,35,30.857142857142858
2021-11-07,31,31.285714285714285
2021-11-08,33,31.714285714285715
2021-11-09,26,30.571428571428573
2021-11-10,29,30.142857142857142
2021-11-11,37,31.285714285714285
2021-11-12,23,31.857142857142858
2021-11-13,32,32.857142857142854
2021-11-14,39,35.0
2021-11-15,37,35.42857142857143
2021-11-16,33,37.714285714285715
2021-11-17,44,38.714285714285715
2021-11-18,40,38.57142857142857
2021-11-19,39,40.42857142857143
2021-11-20,39,41.714285714285715
2021-11-21,38,42.857142857142854
2021-11-22,50,43.857142857142854
2021-11-23,42,44.857142857142854
2021-11-24,52,45.142857142857146
2021-11-25,47,47.0
2021-11-26,46,47.57142857142857
2021-11-27,41,48.285714285714285
2021-11-28,51,48.857142857142854
2021-11-29,54,49.285714285714285
2021-11-30,47,50.0
2021-12-01,56,51.42857142857143
2021-12-02,50,50.142857142857146
2021-12-03,51,54.42857142857143
2021-12-04,51,56.285714285714285
2021-12-05,42,56.42857142857143
2021-12-06,84,59.142857142857146
2021-12-07,60,60.42857142857143
2021-12-08,57,60.714285714285715
2021-12-09,69,63.42857142857143
2021-12-10,60,62.42857142857143
2021-12-11,53,63.42857142857143
2021-12-12,61,66.85714285714286
2021-12-13,77,65.28571428571429
2021-12-14,67,69.85714285714286
2021-12-15,81,69.57142857142857
2021-12-16,58,70.42857142857143
2021-12-17,92,70.14285714285714
2021-12-18,51,72.14285714285714
2021-12-19,67,71.57142857142857
2021-12-20,75,73.71428571428571
2021-12-21,81,73.85714285714286
2021-12-22,77,78.0
2021-12-23,73,81.0
2021-12-24,93,84.57142857142857
2021-12-25,80,86.85714285714286
2021-12-26,88,91.0
2021-12-27,100,92.85714285714286
2021-12-28,97,93.42857142857143
2021-12-29,106,93.28571428571429
2021-12-30,86,93.85714285714286
2021-12-31,97,96.71428571428571
2022-01-01,79,101.14285714285714
2022-01-02,92,103.85714285714286
2022-01-03,120,106.0
2022-01-04,128,110.28571428571429
2022-01-05,125,113.71428571428571
2022-01-06,101,116.42857142857143
2022-01-07,127,117.28571428571429
2022-01-08,103,116.14285714285714
2022-01-09,111,117.57142857142857
2022-01-10,126,119.28571428571429
2022-01-11,120,117.57142857142857
2022-01-12,135,119.14285714285714
2022-01-13,113,115.71428571428571
2022-01-14,115,118.85714285714286
2022-01-15,114,117.57142857142857
2022-01-16,87,117.42857142857143
2022-01-17,148,116.71428571428571
2022-01-18,111,114.28571428571429
2022-01-19,134,111.57142857142857
2022-01-20,108,110.57142857142857
2022-01-21,98,104.0
2022-01-22,95,102.28571428571429
2022-01-23,80,96.85714285714286
2022-01-24,102,94.85714285714286
2022-01-25,99,97.28571428571429
2022-01-26,96,94.28571428571429
2022-01-27,94,93.0
2022-01-28,115,90.85714285714286
2022-01-29,74,88.57142857142857
2022-01-30,71,86.57142857142857
2022-01-31,87,85.71428571428571
2022-02-01,83,81.42857142857143
2022-02-02,82,82.71428571428571
2022-02-03,88,81.42857142857143
2022-02-04,85,81.0
2022-02-05,83,82.0
2022-02-06,62,80.71428571428571
2022-02-07,84,79.0
2022-02-08,90,73.28571428571429
2022-02-09,73,66.28571428571429
2022-02-10,76,63.42857142857143
2022-02-11,45,60.857142857142854
2022-02-12,34,55.714285714285715
2022-02-13,42,53.42857142857143
2022-02-14,66,49.285714285714285
2022-02-15,54,50.142857142857146
2022-02-16,57,52.714285714285715
2022-02-17,47,53.285714285714285
2022-02-18,51,52.57142857142857
2022-02-19,52,51.142857142857146
2022-02-20,46,48.0
2022-02-21,61,48.285714285714285
2022-02-22,44,46.0
2022-02-23,35,42.57142857142857
2022-02-24,49,40.857142857142854
2022-02-25,35,37.142857142857146
2022-02-26,28,36.57142857142857
2022-02-27,34,37.142857142857146
2022-02-28,35,36.0
2022-03-01,40,36.285714285714285
2022-03-02,39,37.0
2022-03-03,41,36.857142857142854
2022-03-04,37,37.57142857142857
2022-03-05,33,37.857142857142854
2022-03-06,33,37.857142857142854
2022-03-07,40,35.857142857142854
2022-03-08,42,36.142857142857146
2022-03-09,39,36.142857142857146
2022-03-10,27,34.42857142857143
2022-03-11,39,33.285714285714285
2022-03-12,33,31.571428571428573
2022-03-13,21,31.857142857142858
2022-03-14,32,33.714285714285715
2022-03-15,30,34.142857142857146
2022-03-16,41,33.57142857142857
2022-03-17,40,34.42857142857143
2022-03-18,42,36.0
2022-03-19,29,38.142857142857146
2022-03-20,27,36.0
2022-03-21,43,37.285714285714285
2022-03-22,45,36.142857142857146
2022-03-23,26,37.857142857142854
2022-03-24,49,39.57142857142857
2022-03-25,34,39.285714285714285
2022-03-26,41,39.42857142857143
2022-03-27,39,41.57142857142857
2022-03-28,41,42.714285714285715
2022-03-29,46,43.857142857142854
2022-03-30,41,42.285714285714285
2022-03-31,57,40.57142857142857
2022-04-01,42,40.142857142857146
2022-04-02,30,40.0
2022-04-03,27,40.0
2022-04-04,38,38.142857142857146
2022-04-05,45,38.142857142857146
2022-04-06,41,38.42857142857143
2022-04-07,44,37.57142857142857
2022-04-08,42,38.857142857142854
2022-04-09,32,38.142857142857146
2022-04-10,21,36.142857142857146
2022-04-11,47,35.285714285714285
2022-04-12,40,33.714285714285715
2022-04-13,27,34.142857142857146
2022-04-14,38,35.42857142857143
2022-04-15,31,32.714285714285715
2022-04-16,35,33.57142857142857
2022-04-17,30,34.285714285714285
2022-04-18,28,34.857142857142854
2022-04-19,46,36.285714285714285
2022-04-20,32,35.57142857142857
2022-04-21,42,33.285714285714285
2022-04-22,41,33.142857142857146
2022-04-23,30,29.857142857142858
2022-04-24,14,28.857142857142858
2022-04-25,27,27.142857142857142
2022-04-26,23,25.285714285714285
2022-04-27,25,24.428571428571427
2022-04-28,30,25.857142857142858
2022-04-29,28,24.857142857142858
2022-04-30,24,26.571428571428573
2022-05-01,24,27.571428571428573
2022-05-02,20,28.285714285714285
2022-05-03,35,27.142857142857142
2022-05-04,32,26.857142857142858
2022-05-05,35,26.285714285714285
2022-05-06,20,27.714285714285715
2022-05-07,22,25.571428571428573
2022-05-08,20,26.285714285714285
2022-05-09,30,25.428571428571427
2022-05-10,20,27.285714285714285
2022-05-11,37,26.714285714285715
2022-05-12,29,27.571428571428573
2022-05-13,33,27.0
2022-05-14,18,26.857142857142858
2022-05-15,26,25.285714285714285
2022-05-16,26,24.285714285714285
2022-05-17,19,22.714285714285715
2022-05-18,26,21.857142857142858
2022-05-19,22,19.857142857142858
2022-05-20,22,18.428571428571427
2022-05-21,12,18.857142857142858
2022-05-22,12,17.285714285714285
2022-05-23,16,16.571428571428573
2022-05-24,22,15.857142857142858
2022-05-25,15,16.142857142857142
2022-05-26,17,15.428571428571429
2022-05-27,17,15.714285714285714
2022-05-28,14,14.428571428571429
2022-05-29,7,14.142857142857142
2022-05-30,18,12.857142857142858
2022-05-31,13,12.285714285714286
2022-06-01,13,11.714285714285714
2022-06-02,8,11.285714285714286
2022-06-03,13,11.714285714285714
2022-06-04,10,12.714285714285714
2022-06-05,4,12.857142857142858
2022-06-06,21,13.285714285714286
2022-06-07,20,14.0
2022-06-08,14,14.571428571428571
2022-06-09,11,15.142857142857142
2022-06-10,18,15.0
2022-06-11,14,15.714285714285714
2022-06-12,8,17.285714285714285
2022-06-13,20,17.428571428571427
2022-06-14,25,17.285714285714285
2022-06-15,25,18.142857142857142
2022-06-16,12,19.0
2022-06-17,17,19.571428571428573
2022-06-18,20,18.714285714285715
2022-06-19,14,18.0
2022-06-20,24,19.142857142857142
2022-06-21,19,20.0
2022-06-22,20,20.0
2022-06-23,20,20.714285714285715
2022-06-24,23,22.0
2022-06-25,20,24.285714285714285
2022-06-26,19,26.0
2022-06-27,33,27.714285714285715
2022-06-28,35,29.714285714285715
2022-06-29,32,30.571428571428573
2022-06-30,32,31.714285714285715
2022-07-01,37,33.285714285714285
2022-07-02,26,32.57142857142857
2022-07-03,27,35.714285714285715
2022-07-04,44,36.714285714285715
2022-07-05,30,36.285714285714285
2022-07-06,54,37.142857142857146
2022-07-07,39,38.142857142857146
2022-07-08,34,37.857142857142854
2022-07-09,32,39.857142857142854
2022-07-10,34,37.142857142857146
2022-07-11,42,37.714285714285715
2022-07-12,44,37.42857142857143
2022-07-13,35,37.57142857142857
2022-07-14,43,35.714285714285715
2022-07-15,32,36.857142857142854
2022-07-16,33,33.857142857142854
2022-07-17,21,33.857142857142854
2022-07-18,50,34.42857142857143
2022-07-19,23,34.714285714285715
2022-07-20,35,33.857142857142854
2022-07-21,47,34.285714285714285
2022-07-22,34,32.285714285714285
2022-07-23,27,33.142857142857146
2022-07-24,24,33.142857142857146
2022-07-25,36,30.428571428571427
2022-07-26,29,28.285714285714285
2022-07-27,35,28.285714285714285
2022-07-28,28,27.857142857142858
2022-07-29,19,27.571428571428573
2022-07-30,27,27.571428571428573
2022-07-31,21,26.714285714285715
2022-08-01,34,26.571428571428573
2022-08-02,29,26.0
2022-08-03,29,25.285714285714285
2022-08-04,27,25.285714285714285
2022-08-05,15,24.857142857142858
2022-08-06,22,24.428571428571427
2022-08-07,21,25.428571428571427
2022-08-08,31,24.714285714285715
2022-08-09,26,24.714285714285715
2022-08-10,36,23.428571428571427
2022-08-11,22,21.571428571428573
2022-08-12,15,19.857142857142858
2022-08-13,13,18.428571428571427
2022-08-14,8,15.142857142857142
2022-08-15,19,15.0
2022-08-16,16,15.285714285714286
2022-08-17,13,15.857142857142858
2022-08-18,21,16.571428571428573
2022-08-19,17,17.571428571428573
2022-08-20,17,19.0
2022-08-21,13,19.142857142857142
2022-08-22,26,18.142857142857142
2022-08-23,26,18.428571428571427
2022-08-24,14,18.571428571428573
2022-08-25,14,17.857142857142858
2022-08-26,19,15.857142857142858
2022-08-27,18,14.142857142857142
2022-08-28,8,13.857142857142858
2022-08-29,12,14.428571428571429
2022-08-30,14,13.428571428571429
2022-08-31,12,12.0
2022-09-01,18,13.142857142857142
2022-09-02,12,14.0
2022-09-03,8,14.571428571428571
2022-09-04,16,15.285714285714286
2022-09-05,18,14.571428571428571
2022-09-06,18,14.428571428571429
2022-09-07,17,14.142857142857142
2022-09-08,13,13.0
2022-09-09,11,11.857142857142858
2022-09-10,6,9.857142857142858
2022-09-11,8,9.285714285714286
2022-09-12,10,9.142857142857142
2022-09-13,4,9.714285714285714
2022-09-14,13,10.571428571428571
2022-09-15,12,10.428571428571429
2022-09-16,15,9.714285714285714
2022-09-17,12,11.285714285714286
2022-09-18,7,10.428571428571429
2022-09-19,5,9.714285714285714
2022-09-20,15,8.428571428571429
2022-09-21,7,7.857142857142857
2022-09-22,7,7.857142857142857
2022-09-23,6,9.428571428571429
2022-09-24,8,9.571428571428571
2022-09-25,7,11.714285714285714
2022-09-26,16,13.0
2022-09-27,16,14.571428571428571
2022-09-28,22,15.0
2022-09-29,16,16.285714285714285
2022-09-30,17,16.571428571428573
2022-10-01,11,17.285714285714285
2022-10-02,16,17.142857142857142
2022-10-03,18,17.428571428571427
2022-10-04,21,18.428571428571427
2022-10-05,21,20.142857142857142
2022-10-06,18,20.0
2022-10-07,24,22.285714285714285
2022-10-08,23,22.428571428571427
2022-10-09,15,23.571428571428573
2022-10-10,34,24.285714285714285
2022-10-11,22,24.857142857142858
2022-10-12,29,24.285714285714285
2022-10-13,23,24.285714285714285
2022-10-14,28,23.428571428571427
2022-10-15,19,23.285714285714285
2022-10-16,15,21.428571428571427
2022-10-17,28,23.0
2022-10-18,21,22.571428571428573
2022-10-19,16,21.857142857142858
2022-10-20,34,21.857142857142858
2022-10-21,25,21.285714285714285
2022-10-22,14,21.857142857142858
2022-10-23,15,23.285714285714285
2022-10-24,24,21.285714285714285
2022-10-25,25,20.857142857142858
2022-10-26,26,20.571428571428573
2022-10-27,20,21.0
2022-10-28,22,19.857142857142858
2022-10-29,12,19.857142857142858
2022-10-30,18,17.857142857142858
2022-10-31,16,19.142857142857142
2022-11-01,25,18.714285714285715
2022-11-02,12,18.428571428571427
2022-11-03,29,18.857142857142858
2022-11-04,19,18.857142857142858
2022-11-05,10,18.142857142857142
2022-11-06,21,19.285714285714285
2022-11-07,16,19.714285714285715
2022-11-08,20,19.714285714285715
2022-11-09,20,20.571428571428573
2022-11-10,32,20.571428571428573
2022-11-11,19,21.0
2022-11-12,16,20.857142857142858
2022-11-13,21,22.428571428571427
2022-11-14,19,20.714285714285715
2022-11-15,19,22.0
2022-11-16,31,22.571428571428573
2022-11-17,20,21.0
2022-11-18,28,23.714285714285715
2022-11-19,20,23.714285714285715
2022-11-20,10,23.428571428571427
2022-11-21,38,23.714285714285715
2022-11-22,19,22.857142857142858
2022-11-23,29,23.285714285714285
2022-11-24,22,25.428571428571427
2022-11-25,22,24.285714285714285
2022-11-26,23,25.0
2022-11-27,25,25.571428571428573
2022-11-28,30,26.142857142857142
2022-11-29,24,27.714285714285715
2022-11-30,33,27.571428571428573
2022-12-01,26,27.714285714285715
2022-12-02,33,29.571428571428573
2022-12-03,22,31.428571428571427
2022-12-04,26,31.142857142857142
2022-12-05,43,31.428571428571427
2022-12-06,37,31.142857142857142
2022-12-07,31,32.142857142857146
2022-12-08,28,31.285714285714285
2022-12-09,31,29.857142857142858
2022-12-10,29,29.142857142857142
2022-12-11,20,27.714285714285715
2022-12-12,33,27.571428571428573
2022-12-13,32,26.428571428571427
2022-12-14,21,25.857142857142858
2022-12-15,27,25.285714285714285
2022-12-16,23,25.285714285714285
2022-12-17,25,23.571428571428573
2022-12-18,16,25.142857142857142
2022-12-19,33,23.857142857142858
2022-12-20,20,23.428571428571427
2022-12-21,32,23.714285714285715
2022-12-22,18,24.857142857142858
2022-12-23,20,25.0
2022-12-24,27,27.571428571428573
2022-12-25,24,27.428571428571427
2022-12-26,34,30.142857142857142
2022-12-27,38,32.42857142857143
2022-12-28,31,32.285714285714285
2022-12-29,37,31.857142857142858
2022-12-30,36,30.714285714285715
2022-12-31,26,29.142857142857142
2023-01-01,21,28.0
2023-01-02,26,26.285714285714285
2023-01-03,27,23.571428571428573
2023-01-04,23,22.857142857142858
2023-01-05,25,21.428571428571427
2023-01-06,17,21.0
2023-01-07,21,20.714285714285715
2023-01-08,11,19.0
2023-01-09,23,18.571428571428573
2023-01-10,25,18.714285714285715
2023-01-11,11,18.428571428571427
2023-01-12,22,18.428571428571427
2023-01-13,18,16.857142857142858
2023-01-14,19,14.857142857142858
2023-01-15,11,15.428571428571429
2023-01-16,12,14.0
2023-01-17,11,13.571428571428571
2023-01-18,15,12.285714285714286
2023-01-19,12,11.857142857142858
2023-01-20,15,11.714285714285714
2023-01-21,10,11.714285714285714
2023-01-22,8,11.0
2023-01-23,11,10.428571428571429
2023-01-24,11,9.571428571428571
2023-01-25,10,8.857142857142858
2023-01-26,8,9.142857142857142
2023-01-27,9,10.285714285714286
2023-01-28,5,9.571428571428571
2023-01-29,10,9.285714285714286
2023-01-30,19,9.714285714285714
2023-01-31,6,9.714285714285714
2023-02-01,8,10.571428571428571
2023-02-02,11,10.571428571428571
2023-02-03,9,8.714285714285714
2023-02-04,11,10.285714285714286
2023-02-05,10,10.0
2023-02-06,6,9.571428571428571
2023-02-07,17,9.285714285714286
2023-02-08,6,8.857142857142858
2023-02-09,8,8.571428571428571
2023-02-10,7,9.142857142857142
2023-02-11,8,8.285714285714286
2023-02-12,8,9.0
2023-02-13,10,9.142857142857142
2023-02-14,11,9.714285714285714
2023-02-15,11,9.714285714285714
2023-02-16,9,9.714285714285714
2023-02-17,11,10.142857142857142
2023-02-18,8,10.0
2023-02-19,8,9.857142857142858
2023-02-20,13,10.428571428571429
2023-02-21,10,11.0
2023-02-22,10,11.285714285714286
2023-02-23,13,11.428571428571429
2023-02-24,15,10.142857142857142
2023-02-25,10,10.142857142857142
2023-02-26,9,9.285714285714286
2023-02-27,4,8.857142857142858
2023-02-28,10,7.714285714285714
2023-03-01,4,6.714285714285714
2023-03-02,10,6.0
2023-03-03,7,5.857142857142857
2023-03-04,3,5.142857142857143
2023-03-05,4,5.0
2023-03-06,3,4.714285714285714
2023-03-07,5,4.714285714285714
2023-03-08,3,4.571428571428571
2023-03-09,8,4.714285714285714
2023-03-10,7,5.142857142857143
2023-03-11,2,5.857142857142857
2023-03-12,5,6.0
2023-03-13,6,5.428571428571429
2023-03-14,10,4.714285714285714
2023-03-15,4,4.571428571428571
2023-03-16,4,4.0
2023-03-17,2,
2023-03-18,1,
2023-03-19,1,
